{
  "bleu": 0.004215024498198096,
  "rouge1": 0.06527412223377102,
  "rouge2": 0.0058353742866513805,
  "rougeL": 0.05477010707162973,
  "num_samples": 100
}