{
  "train_loss": [
    6.523168241882324,
    5.840198071289063,
    5.500296532821655,
    5.259692794418335,
    5.074162197113037,
    4.9220108116149905,
    4.797274211120605,
    4.701914430236816,
    4.638761322021485,
    4.6042480995178225
  ],
  "val_loss": [
    6.366946986688974,
    6.064054956832252,
    5.908508261171773,
    5.789049284145855,
    5.738616528983314,
    5.7064945156962725,
    5.696543460455946,
    5.673901571633336,
    5.653816565918846,
    5.650413953458158
  ],
  "learning_rate": [
    9.757729755661011e-05,
    9.05463412215599e-05,
    7.959536998847742e-05,
    6.57963412215599e-05,
    5.05e-05,
    3.5203658778440106e-05,
    2.1404630011522586e-05,
    1.0453658778440107e-05,
    3.4227024433899e-06,
    1e-06
  ]
}